FundKey,ReturnPercent,FundName
101,2.938775510204077,Alpha Growth Fund
102,3.466666666666659,Bluechip Equity Fund
103,2.2565320665083033,Balanced Advantage Fund
104,3.396226415094345,Corporate Bond Fund
105,2.186666666666661,Small Cap Opportunities
